reflection_fraction,mode,ue,power_dbm,gain_db
0,ES,R,-74.40131304819599,0.0
0,ES,T,-63.64377009548626,17.50689605280692
0,MS,R,-74.40131304819599,0.0
0,MS,T,-63.64377009548626,17.50689605280692
0,TS,R,-74.40131304819599,0.0
0,TS,T,-63.64377009548626,17.50689605280692
0.25,ES,R,-65.59160355346394,8.809709494732026
0.25,ES,T,-64.7159331943266,16.43473295396658
0.25,MS,R,-68.92211787771372,5.479195170482257
0.25,MS,T,-65.76589340614446,15.384772742148725
0.25,TS,R,-66.73313728962427,7.668175758571713
0.25,TS,T,-64.86753083208811,16.28313531620507
0.5,ES,R,-63.556732654370634,10.844580393825343
0.5,ES,T,-66.18743671776187,14.963229430531307
0.5,MS,R,-65.58948060171295,8.811832446483033
0.5,MS,T,-68.5794546266483,12.57121152164487
0.5,TS,R,-64.111174467367,10.290138580828978
0.5,TS,T,-66.57763939934065,14.573026748952525
0.75,ES,R,-62.26562951013122,12.135683538064765
0.75,ES,T,-68.57788372135818,12.572782426934985
0.75,MS,R,-63.187672847824885,11.213640200371088
0.75,MS,T,-72.76602180496405,8.384644343329123
0.75,TS,R,-62.487827308101984,11.91348574009399
0.75,TS,T,-69.43899868023428,11.711667468058906
1,ES,R,-61.30889198413658,13.092421064059385
1,ES,T,-81.15066614829317,0.0
1,MS,R,-61.30889198413658,13.092421064059385
1,MS,T,-81.15066614829317,0.0
1,TS,R,-61.30889198413658,13.092421064059385
1,TS,T,-81.15066614829317,0.0
