blockage_db,mode,ue,power_dbm,gain_db
0,NONE,R,-34.40131304819597,0.0
0,NONE,T,-41.15066614829318,0.0
0,RIS,R,-34.10127933371096,0.3000337144850162
0,RIS,T,-41.15066614829318,0.0
0,ES,R,-34.1880890947111,0.21322395348487339
0,ES,T,-40.76006089101088,0.3906052572823002
0,MS,R,-34.24994322782567,0.15136982037030652
0,MS,T,-40.87272360828564,0.27794254000754126
0,TS,R,-34.24870571555829,0.1526073326376842
0,TS,T,-40.868351773873655,0.2823143744195328
5,NONE,R,-39.40131304819599,0.0
5,NONE,T,-46.15066614829318,0.0
5,RIS,R,-38.87473642830982,0.5265766198861507
5,RIS,T,-46.15066614829318,0.0
5,ES,R,-39.02568928448689,0.3756237637090958
5,ES,T,-45.467768647640085,0.6828975006530975
5,MS,R,-39.13393397558538,0.26737907261060545
5,MS,T,-45.662398179711005,0.4882679685821635
5,TS,R,-39.130048777697965,0.27126427049800955
5,TS,T,-45.64932249035253,0.5013436579406523
10,NONE,R,-44.40131304819599,0.0
10,NONE,T,-51.15066614829317,0.0
10,RIS,R,-43.48592181598575,0.9153912322102271
10,RIS,T,-51.15066614829317,0.0
10,ES,R,-43.744191234548126,0.6571218136478494
10,ES,T,-49.971113506408656,1.1795526418845308
10,MS,R,-43.93138868395097,0.46992436424500456
10,MS,T,-50.30051714690046,0.8501490013927083
10,TS,R,-43.919544061505235,0.4817689866907441
10,TS,T,-50.262716816964684,0.8879493313285092
15,NONE,R,-49.40131304819597,0.0
15,NONE,T,-56.15066614829317,0.0
15,RIS,R,-47.834776170327885,1.5665368778680955
15,RIS,T,-56.15066614829317,0.0
15,ES,R,-48.265093143975534,1.1362199042204377
15,ES,T,-54.152513031770454,1.9981531165227164
15,MS,R,-48.58247632631354,0.8188367218824345
15,MS,T,-54.69203295750029,1.4586331907928918
15,TS,R,-48.54779135509561,0.8535216931003632
15,TS,T,-54.58911008835926,1.5615560599339153
20,NONE,R,-54.40131304819599,0.0
20,NONE,T,-61.15066614829317,0.0
20,RIS,R,-51.785237260033185,2.6160757881628034
20,RIS,T,-61.15066614829317,0.0
20,ES,R,-52.4733956365431,1.92791741165287
20,ES,T,-57.863812742033616,3.2868534062595622
20,MS,R,-52.994656313797265,1.4066567343987133
20,MS,T,-58.705247309538905,2.4454188387542612
20,TS,R,-52.89920128270312,1.5021117654928573
20,TS,T,-58.450733370965565,2.6999327773276205
25,NONE,R,-59.40131304819599,0.0
25,NONE,T,-66.15066614829317,0.0
25,RIS,R,-55.184259829420924,4.217053218775055
25,RIS,T,-66.15066614829317,0.0
25,ES,R,-56.22237001343049,3.1789430347654886
25,ES,T,-60.95903874111755,5.191627407175632
25,MS,R,-57.038542369007104,2.3627706791888663
25,MS,T,-62.187207592830376,3.9634585554628003
25,TS,R,-56.799863752398565,2.6014492957974116
25,TS,T,-61.63926579705603,4.511400351237143
30,NONE,R,-64.40131304819599,0.0
30,NONE,T,-71.15066614829318,0.0
30,RIS,R,-57.909820656375075,6.491492391820898
30,RIS,T,-71.15066614829318,0.0
30,ES,R,-59.364206393094435,5.037106655101545
30,ES,T,-63.35126583570877,7.799400312584401
30,MS,R,-60.561550409463635,3.839762638732352
30,MS,T,-65.0081442953519,6.142521852941281
30,TS,R,-60.04120275122955,4.360110296966441
30,TS,T,-64.01348113914368,7.1371850091494995
35,NONE,R,-69.40131304819599,0.0
35,NONE,T,-76.15066614829318,0.0
35,RIS,R,-59.92744276413639,9.473870284059595
35,RIS,T,-76.15066614829318,0.0
35,ES,R,-61.80600816107757,7.595304887118399
35,ES,T,-65.05706164518897,11.09360450310422
35,MS,R,-63.4304227729598,5.970890275236172
35,MS,T,-67.11937643915397,9.031289709139223
35,TS,R,-62.47326343147523,6.928049616720738
35,TS,T,-65.60133646632679,10.549329681966386
40,NONE,R,-74.40131304819599,0.0
40,NONE,T,-81.15066614829317,0.0
40,RIS,R,-61.30889198413658,13.092421064059385
40,RIS,T,-81.15066614829317,0.0
40,ES,R,-63.556732654370634,10.844580393825343
40,ES,T,-66.18743671776187,14.963229430531307
40,MS,R,-65.58948060171295,8.811832446483033
40,MS,T,-68.5794546266483,12.57121152164487
40,TS,R,-64.111174467367,10.290138580828978
40,TS,T,-66.57763939934065,14.573026748952525
45,NONE,R,-79.40131304819599,0.0
45,NONE,T,-86.15066614829317,0.0
45,RIS,R,-62.19458449229006,17.20672855590593
45,RIS,T,-86.15066614829317,0.0
45,ES,R,-64.72229091780962,14.679022130386361
45,ES,T,-66.8943079670453,19.256358181247876
45,MS,R,-67.0903382984315,12.310974749764473
45,MS,T,-69.52300367734095,16.627662470952234
45,TS,R,-65.12303559816706,14.278277450028924
45,TS,T,-67.14855967308416,19.00210647520902
50,NONE,R,-84.40131304819599,0.0
50,NONE,T,-91.15066614829318,0.0
50,RIS,R,-62.73541865821147,21.665894389984494
50,RIS,T,-91.15066614829318,0.0
50,ES,R,-65.45369176972252,18.94762127847345
50,ES,T,-67.31863122379237,23.83203492450081
50,MS,R,-68.06425437067487,16.337058677521103
50,MS,T,-70.10239362963071,21.048272518662472
50,TS,R,-65.71622558527848,18.6850874629175
50,TS,T,-67.47452069835916,23.67614544993402
55,NONE,R,-89.40131304819599,0.0
55,NONE,T,-96.15066614829317,0.0
55,RIS,R,-63.05502904694629,26.346284001249686
55,RIS,T,-96.15066614829317,0.0
55,ES,R,-65.89376418272785,23.507548865468124
55,ES,T,-67.5666785369678,28.583987611325384
55,MS,R,-68.6640531791818,20.737259869014157
55,MS,T,-70.44602974597262,25.704636402320553
55,TS,R,-66.05526773481587,23.346045313380092
55,TS,T,-67.65881875410722,28.491847394185967
60,NONE,R,-94.40131304819599,0.0
60,NONE,T,-101.15066614829317,0.0
60,RIS,R,-63.240063799952665,31.161249248243315
60,RIS,T,-101.15066614829317,0.0
60,ES,R,-66.151394665323,28.249918382872977
60,ES,T,-67.70934180471329,33.44132434357989
60,MS,R,-69.02047721666848,25.380835831527495
60,MS,T,-70.64541504090413,30.505251107389046
60,TS,R,-66.24704104045983,28.154272007736147
60,TS,T,-67.76264819636924,33.38801795192393
65,NONE,R,-99.40131304819599,0.0
65,NONE,T,-106.1506661482932,0.0
65,RIS,R,-63.34587459314939,36.055438455046584
65,RIS,T,-106.1506661482932,0.0
65,ES,R,-66.29969983244482,33.10161321575115
65,ES,T,-67.79060870955115,38.360057438742025
65,MS,R,-69.22752663248755,30.17378641570842
65,MS,T,-70.75958144611393,35.39108470217924
65,TS,R,-66.35509762191424,33.046215426281734
65,TS,T,-67.82107121486459,38.329594933428595
70,NONE,R,-104.40131304819599,0.0
70,NONE,T,-111.15066614829317,0.0
70,RIS,R,-63.40594753260818,40.99536551558779
70,RIS,T,-111.15066614829317,0.0
70,ES,R,-66.3842239365423,38.01708911165368
70,ES,T,-67.83664468684165,43.31402146145152
70,MS,R,-69.34616443570124,35.055148612494726
70,MS,T,-70.82444731657512,40.32621883171805
70,TS,R,-66.41590216228175,37.98541088591421
70,TS,T,-67.85393134432026,43.29673480397291
75,NONE,R,-109.40131304819599,0.0
75,NONE,T,-116.1506661482932,0.0
75,RIS,R,-63.43991243869934,45.96140060949664
75,RIS,T,-116.1506661482932,0.0
75,ES,R,-66.43211916209577,42.96919388610022
75,ES,T,-67.862640206337,48.288025941956185
75,MS,R,-69.41359816370706,39.98771488448892
75,MS,T,-70.86113800417414,45.289528144119046
75,TS,R,-66.45010233299783,42.95121071519816
75,TS,T,-67.87241111574126,48.278255032551925
80,NONE,R,-114.40131304819599,0.0
80,NONE,T,-121.1506661482932,0.0
80,RIS,R,-63.45907081454264,50.94224223365333
80,RIS,T,-121.1506661482932,0.0
80,ES,R,-66.45916909713952,47.942143951056465
80,ES,T,-67.877292810402,53.27337333789119
80,MS,R,-69.45175018529552,44.949562862900464
80,MS,T,-70.88183898210869,50.26882716618451
80,TS,R,-66.46933581223567,47.9319772359603
80,TS,T,-67.88280326319936,53.267862885093805
