n,mode,phase,ue,power_dbm,gain_db
1,NONE,optimized,R,-74.40131304819599,0.0
1,NONE,optimized,T,-81.15066614829317,0.0
1,NONE,random,R,-74.40131304819599,0.0
1,NONE,random,T,-81.15066614829317,0.0
1,RIS,optimized,R,-74.28287540465023,0.11843764354574153
1,RIS,optimized,T,-81.15066614829317,0.0
1,RIS,random,R,-74.47712404760327,-0.0758109994073065
1,RIS,random,T,-81.15066614829317,0.0
1,ES,optimized,R,-74.31739806686662,0.0839149813293736
1,ES,optimized,T,-80.99598648180881,0.1546796664843649
1,ES,random,R,-74.45495378951574,-0.0536407413197583
1,ES,random,T,-81.22576528929146,-0.07509914099828299
1,MS,optimized,R,-74.28287540465023,0.11843764354574153
1,MS,optimized,T,-81.15066614829317,0.0
1,MS,random,R,-74.47712404760327,-0.0758109994073065
1,MS,random,T,-81.15066614829317,0.0
1,TS,optimized,R,-74.34169049573676,0.05962255245922526
1,TS,optimized,T,-81.04032306804086,0.11034308025231108
1,TS,random,R,-74.43905312918889,-0.03774008099292486
1,TS,random,T,-81.20321878819054,-0.052552639897367505
4,NONE,optimized,R,-74.40131304819599,0.0
4,NONE,optimized,T,-81.15066614829317,0.0
4,NONE,random,R,-74.40131304819599,0.0
4,NONE,random,T,-81.15066614829317,0.0
4,RIS,optimized,R,-73.93695459312427,0.4643584550717118
4,RIS,optimized,T,-81.15066614829317,0.0
4,RIS,random,R,-74.36411634348241,0.037196704713562026
4,RIS,random,T,-81.15066614829317,0.0
4,ES,optimized,R,-74.07041042442702,0.3309026237689495
4,ES,optimized,T,-80.54781856780254,0.6028475804906367
4,ES,random,R,-74.37641942166923,0.024893626526743012
4,ES,random,T,-81.27210531850075,-0.12143917020756344
4,MS,optimized,R,-74.16601991498885,0.2352931332071269
4,MS,optimized,T,-80.72011011426804,0.4305560340251291
4,MS,random,R,-74.46321953755057,-0.061906489354583205
4,MS,random,T,-81.16170204785,-0.011035899556819646
4,TS,optimized,R,-74.16293047975128,0.23838256844469888
4,TS,optimized,T,-80.70995173783311,0.4407144104600734
4,TS,random,R,-74.3826748729002,0.01863817529577226
4,TS,random,T,-81.23591006272616,-0.08524391443298245
16,NONE,optimized,R,-74.40131304819599,0.0
16,NONE,optimized,T,-81.15066614829317,0.0
16,NONE,random,R,-74.40131304819599,0.0
16,NONE,random,T,-81.15066614829317,0.0
16,RIS,optimized,R,-72.6765062012326,1.7248068469633937
16,RIS,optimized,T,-81.15066614829317,0.0
16,RIS,random,R,-74.77951352208628,-0.3782004738903052
16,RIS,random,T,-81.15066614829317,0.0
16,ES,optimized,R,-73.1472207825245,1.2540922656714817
16,ES,optimized,T,-78.95584007820756,2.194826070085622
16,ES,random,R,-74.6671526064373,-0.26583955824131295
16,ES,random,T,-81.36875919812536,-0.2180930498321832
16,MS,optimized,R,-73.49608427244291,0.905228775753068
16,MS,optimized,T,-79.54341343277477,1.6072527155184135
16,MS,random,R,-74.59257018268559,-0.19125713448962287
16,MS,random,T,-80.9637458325357,0.18692031575748422
16,TS,optimized,R,-73.45384032391658,0.947472724279399
16,TS,optimized,T,-79.42111354971837,1.7295525985748117
16,TS,random,R,-74.58629768989496,-0.18498464169898002
16,TS,random,T,-81.29905023445617,-0.14838408616299245
32,NONE,optimized,R,-74.40131304819599,0.0
32,NONE,optimized,T,-81.15066614829317,0.0
32,NONE,random,R,-74.40131304819599,0.0
32,NONE,random,T,-81.15066614829317,0.0
32,RIS,optimized,R,-71.23757182588038,3.163741222315596
32,RIS,optimized,T,-81.15066614829317,0.0
32,RIS,random,R,-73.98267207313049,0.41864097506549247
32,RIS,random,T,-81.15066614829317,0.0
32,ES,optimized,R,-72.05114264273577,2.3501704054602013
32,ES,optimized,T,-77.20476614253526,3.9459000057579234
32,ES,random,R,-74.1040897509369,0.2972232972590785
32,ES,random,T,-81.53437949968733,-0.38371335139415275
32,MS,optimized,R,-72.6757195687056,1.7255934794903776
32,MS,optimized,T,-78.18763990959644,2.9630262386967305
32,MS,random,R,-73.87110005098315,0.5302129972128247
32,MS,random,T,-81.40268393826126,-0.25201778996809043
32,TS,optimized,R,-72.53750630390444,1.863806744291538
32,TS,optimized,T,-77.8385558694221,3.312110278871083
32,TS,random,R,-74.18695011655288,0.21436293164309814
32,TS,random,T,-81.41266605340398,-0.26199990511079846
64,NONE,optimized,R,-74.40131304819599,0.0
64,NONE,optimized,T,-81.15066614829317,0.0
64,NONE,random,R,-74.40131304819599,0.0
64,NONE,random,T,-81.15066614829317,0.0
64,RIS,optimized,R,-68.92436335215017,5.476949696045809
64,RIS,optimized,T,-81.15066614829317,0.0
64,RIS,random,R,-74.19702757394418,0.20428547425179466
64,RIS,random,T,-81.15066614829317,0.0
64,ES,optimized,R,-70.20402240209617,4.197290646099806
64,ES,optimized,T,-74.50219355040424,6.648472597888943
64,ES,random,R,-74.257895037515,0.1434180106809793
64,ES,random,T,-81.15875400561357,-0.008087857320396382
64,MS,optimized,R,-71.23760630876134,3.1637067394346303
64,MS,optimized,T,-75.98259144300854,5.168074705284635
64,MS,random,R,-74.75030095562958,-0.3489879074336023
64,MS,random,T,-80.10773914590385,1.0429270023893358
64,TS,optimized,R,-70.85125231276662,3.550060735429368
64,TS,optimized,T,-75.18626452013879,5.964401628154379
64,TS,random,R,-74.29796926230387,0.10334378589212079
64,TS,random,T,-81.10199767559804,0.04866847269514084
128,NONE,optimized,R,-74.40131304819599,0.0
128,NONE,optimized,T,-81.15066614829317,0.0
128,NONE,random,R,-74.40131304819599,0.0
128,NONE,random,T,-81.15066614829317,0.0
128,RIS,optimized,R,-65.59053531044982,8.810777737746143
128,RIS,optimized,T,-81.15066614829317,0.0
128,RIS,random,R,-75.47085757601961,-1.069544527823635
128,RIS,random,T,-81.15066614829317,0.0
128,ES,optimized,R,-67.38532753235246,7.015985515843513
128,ES,optimized,T,-70.77991706373952,10.370749084553658
128,ES,random,R,-75.14558291358257,-0.7442698653865999
128,ES,random,T,-79.78213831375827,1.3685278345349023
128,MS,optimized,R,-68.92184990227186,5.479463145924112
128,MS,optimized,T,-72.76477645010672,8.385889698186462
128,MS,random,R,-74.60168230690678,-0.20036925871080166
128,MS,random,T,-80.7796469470851,0.37101920120809173
128,TS,optimized,R,-68.06429378269112,6.337019265504859
128,TS,optimized,T,-71.35346839567914,9.797197752614041
128,TS,random,R,-74.90324335821649,-0.5019303100205077
128,TS,random,T,-80.10093799539604,1.049728152897135
256,NONE,optimized,R,-74.40131304819599,0.0
256,NONE,optimized,T,-81.15066614829317,0.0
256,NONE,random,R,-74.40131304819599,0.0
256,NONE,random,T,-81.15066614829317,0.0
256,RIS,optimized,R,-61.30889198413658,13.092421064059385
256,RIS,optimized,T,-81.15066614829317,0.0
256,RIS,random,R,-73.96790728578223,0.4334057624137539
256,RIS,random,T,-81.15066614829317,0.0
256,ES,optimized,R,-63.556732654370634,10.844580393825343
256,ES,optimized,T,-66.18743671776187,14.963229430531307
256,ES,random,R,-74.09780530428824,0.30350774390772817
256,ES,random,T,-82.07546498213586,-0.92479883384268
256,MS,optimized,R,-65.58948060171295,8.811832446483033
256,MS,optimized,T,-68.5794546266483,12.57121152164487
256,MS,random,R,-75.80666610489158,-1.4053530566955978
256,MS,random,T,-81.0807686792664,0.06989746902677894
256,TS,optimized,R,-64.111174467367,10.290138580828978
256,TS,optimized,T,-66.57763939934065,14.573026748952525
256,TS,random,R,-74.1792059232234,0.22210712497257418
256,TS,random,T,-81.76848231286756,-0.6178161645743816
512,NONE,optimized,R,-74.40131304819599,0.0
512,NONE,optimized,T,-81.15066614829317,0.0
512,NONE,random,R,-74.40131304819599,0.0
512,NONE,random,T,-81.15066614829317,0.0
512,RIS,optimized,R,-56.30651302698817,18.094800021207803
512,RIS,optimized,T,-81.15066614829317,0.0
512,RIS,random,R,-74.56750717630776,-0.16619412811178497
512,RIS,random,T,-81.15066614829317,0.0
512,ES,optimized,R,-58.879963711036226,15.521349337159753
512,ES,optimized,T,-60.978336211722876,20.172329936570293
512,ES,random,R,-74.60433783279916,-0.2030247846031806
512,ES,random,T,-83.19298864432392,-2.042322496030738
512,MS,optimized,R,-61.30397865885257,13.097334389343406
512,MS,optimized,T,-63.6454875907466,17.505178557546568
512,MS,random,R,-75.77106179906505,-1.3697487508690664
512,MS,random,T,-85.75985157024546,-4.609185421952274
512,TS,optimized,R,-59.24998495911342,15.151328089082556
512,TS,optimized,T,-61.209327134191625,19.941339014101555
512,TS,random,R,-74.48361517919918,-0.08230213100319378
512,TS,random,T,-82.37383219016266,-1.2231660418694763
1024,NONE,optimized,R,-74.40131304819599,0.0
1024,NONE,optimized,T,-81.15066614829317,0.0
1024,NONE,random,R,-74.40131304819599,0.0
1024,NONE,random,T,-81.15066614829317,0.0
1024,RIS,optimized,R,-50.84578049385995,23.555532554336022
1024,RIS,optimized,T,-81.15066614829317,0.0
1024,RIS,random,R,-73.0134974939658,1.387815554230171
1024,RIS,random,T,-81.15066614829317,0.0
1024,ES,optimized,R,-53.620382278113695,20.780930770082268
1024,ES,optimized,T,-55.395594127439566,25.755072020853614
1024,ES,random,R,-73.40298815262469,0.9983248955712969
1024,ES,random,T,-81.55930814015669,-0.4086419918635134
1024,MS,optimized,R,-56.30207599016683,18.099237058029157
1024,MS,optimized,T,-58.22618726513596,22.924478883157207
1024,MS,random,R,-74.55902342429049,-0.1577103760945053
1024,MS,random,T,-83.14431650716863,-1.9936503588754477
1024,TS,optimized,R,-53.836969813046295,20.564343235149686
1024,TS,optimized,T,-55.5217996899532,25.62886645833997
1024,TS,random,R,-73.65220389024125,0.749109157954717
1024,TS,random,T,-81.37920831980185,-0.22854217150868053
